A.1_DikeIncrease 0,A.1_DikeIncrease 1,A.1_DikeIncrease 2,A.2_DikeIncrease 0,A.2_DikeIncrease 1,A.2_DikeIncrease 2,A.3_DikeIncrease 0,A.3_DikeIncrease 1,A.3_DikeIncrease 2,A.4_DikeIncrease 0,A.4_DikeIncrease 1,A.4_DikeIncrease 2,A.5_DikeIncrease 0,A.5_DikeIncrease 1,A.5_DikeIncrease 2,EWS_DaysToThreat,Total Costs,Expected Number of Deaths,Expected Annual Damage,Dike Investment Costs
1,0,0,1,0,0,6,3,0,0,1,5,2,4,0,1,284037985.51963663,0.020041341552579594,71053124.56993273,212984860.9497039
2,6,0,3,0,0,5,1,0,6,6,0,6,0,1,2,310218329.15028864,0.001232181065913112,8484152.454609193,301734176.6956794
4,0,2,7,0,0,5,2,0,6,1,1,6,5,0,3,332257589.4308866,0.0,0.0,332257589.4308866
1,0,6,0,0,0,4,0,0,3,2,1,3,0,0,2,264458861.38624582,0.011535679345808769,88176778.55792427,176282082.82832152
1,0,2,4,0,0,3,2,0,8,6,0,6,0,0,3,268570167.25290626,0.0021530417446101323,22420951.327268027,246149215.92563823
7,0,0,3,0,0,4,2,1,1,0,1,2,6,0,2,294141580.6083048,0.002002505579005685,18057639.070804924,276083941.53749985
1,2,0,0,0,0,7,3,0,4,3,1,4,0,0,3,274794613.6838488,0.008373637355830712,77996900.21088651,196797713.4729623
