A.1_DikeIncrease 0,A.1_DikeIncrease 1,A.1_DikeIncrease 2,A.2_DikeIncrease 0,A.2_DikeIncrease 1,A.2_DikeIncrease 2,A.3_DikeIncrease 0,A.3_DikeIncrease 1,A.3_DikeIncrease 2,A.4_DikeIncrease 0,A.4_DikeIncrease 1,A.4_DikeIncrease 2,A.5_DikeIncrease 0,A.5_DikeIncrease 1,A.5_DikeIncrease 2,EWS_DaysToThreat,Total Costs,Expected Number of Deaths,Expected Annual Damage,Dike Investment Costs
4,0,0,0,0,0,0,0,10,2,5,0,1,6,0,3,358225136.34372634,0.03082133021917221,180304860.570814,177920275.7729123
6,0,0,4,0,3,5,0,0,6,9,0,5,0,0,2,269059018.1053571,0.0,0.0,269059018.1053571
1,0,0,0,2,0,4,0,0,7,0,0,4,0,4,0,251602115.26874727,0.05254164491881784,63868226.89451884,187733888.37422845
4,2,0,1,0,0,3,0,5,6,5,1,3,0,0,3,285961746.2098018,0.004434972325164966,35577404.22077183,250384341.98902994
3,0,0,2,0,0,4,4,3,2,4,2,2,0,0,3,285002801.371191,0.006269486992213608,57378265.39254634,227624535.97864473
