Total Costs,Expected Number of Deaths,Expected Annual Damage,Dike Investment Costs
284037985.51963663,0.020041341552579594,71053124.56993273,212984860.9497039
310218329.15028864,0.001232181065913112,8484152.454609193,301734176.6956794
332257589.4308866,0.0,0.0,332257589.4308866
264458861.38624582,0.011535679345808769,88176778.55792427,176282082.82832152
268570167.25290626,0.0021530417446101323,22420951.327268027,246149215.92563823
294141580.6083048,0.002002505579005685,18057639.070804924,276083941.53749985
274794613.6838488,0.008373637355830712,77996900.21088651,196797713.4729623
