A.1_DikeIncrease 0,A.1_DikeIncrease 1,A.1_DikeIncrease 2,A.2_DikeIncrease 0,A.2_DikeIncrease 1,A.2_DikeIncrease 2,A.3_DikeIncrease 0,A.3_DikeIncrease 1,A.3_DikeIncrease 2,A.4_DikeIncrease 0,A.4_DikeIncrease 1,A.4_DikeIncrease 2,A.5_DikeIncrease 0,A.5_DikeIncrease 1,A.5_DikeIncrease 2,EWS_DaysToThreat,Total Costs,Expected Number of Deaths,Expected Annual Damage,Dike Investment Costs
2,0,0,0,0,0,5,0,0,0,5,0,0,0,1,1,199048010.53691196,0.031188906572569692,96888424.39677271,102159586.1401392
2,0,0,2,0,0,5,0,0,4,7,0,6,0,0,2,191101782.54589355,0.002297522775896895,15947704.54475227,175154078.00114128
2,0,0,6,0,0,6,1,0,6,7,0,5,0,0,3,226242659.53752702,0.0,0.0,226242659.53752702
2,0,0,0,0,0,5,1,0,1,1,0,2,0,5,2,262378359.3503355,0.012706918545653072,92650122.68064582,169728236.6696897
2,0,0,4,0,0,5,2,0,1,0,3,5,0,0,1,204434504.1208492,0.0013777085263250671,7059462.40673207,197375041.7141171
