A.1_DikeIncrease 0,A.1_DikeIncrease 1,A.1_DikeIncrease 2,A.2_DikeIncrease 0,A.2_DikeIncrease 1,A.2_DikeIncrease 2,A.3_DikeIncrease 0,A.3_DikeIncrease 1,A.3_DikeIncrease 2,A.4_DikeIncrease 0,A.4_DikeIncrease 1,A.4_DikeIncrease 2,A.5_DikeIncrease 0,A.5_DikeIncrease 1,A.5_DikeIncrease 2,EWS_DaysToThreat,Total Costs,Expected Number of Deaths,Expected Annual Damage,Dike Investment Costs
0,0,0,3,0,0,5,2,0,5,2,2,5,0,3,1,465784898.93614566,0.0638671132788031,261321645.89115793,204463253.04498774
6,0,0,3,0,0,5,0,0,5,2,2,4,4,3,2,282896452.2497747,0.0007667578441808525,5252339.535146935,277644112.71462774
4,2,0,4,0,0,7,0,2,1,3,4,3,4,2,3,337802970.78244615,0.00022129547929719686,3402328.3003893737,334400642.48205674
6,0,1,5,0,0,7,3,1,5,2,3,6,0,5,2,368946059.9937711,0.0,0.0,368946059.9937711
4,0,0,0,0,0,5,5,0,5,1,2,3,0,4,2,288384605.88238686,0.01140391962433293,82887475.23378448,205497130.64860237
3,0,0,2,0,0,2,5,2,0,0,2,7,0,3,0,307772964.9146627,0.05377021523765279,51724009.55648133,256048955.3581814
