Total Costs,Expected Number of Deaths,Expected Annual Damage,Dike Investment Costs
280659692.2640913,2.344312842113449e-05,269613.9813613646,280390078.2827299
251024209.0362544,0.08471279030435379,92650122.68064582,158374086.35560852
238871502.08464867,0.002532342194719088,7963393.218671989,230908108.8659767
307065481.5697034,0.0,0.0,307065481.5697034
243229667.5705611,0.004107781171078413,39333217.81640876,203896449.75415236
222665843.43443435,0.005514054662152547,15947704.54475227,206718138.88968205
239503523.13956714,0.01666064409151803,52636659.35600887,186866863.78355828
248722252.7957114,9.051027856284648e-05,416488.9960558092,248305763.79965562
233336404.02798593,0.00129791848832119,1425477.3246595198,231910926.7033264
