Total Costs,Expected Number of Deaths,Expected Annual Damage,Dike Investment Costs
269734280.6239309,0.0003379314915277308,1664314.169672982,268069966.4542579
272411503.97068536,0.020885364541706697,22605673.954616256,249805830.01606905
274337846.7711822,0.003896206067039451,36086448.23140369,238251398.5397785
316411094.06044877,0.0,0.0,316411094.06044877
267651600.22655183,0.04076780368784554,43668568.920030944,223983031.3065209
275326071.02081645,0.0075187312350144106,67817021.86384878,207509049.1569677
297096250.9808252,0.00020268185250254807,347593.5688618719,296748657.41196334
274644911.494352,0.01182175320021532,37666227.56180291,236978683.93254912
