Total Costs,Expected Number of Deaths,Expected Annual Damage,Dike Investment Costs
276904391.00490034,0.032554090584449004,34623530.87921323,242280860.12568712
485442092.97754365,0.02931603345834394,271612641.6260072,213829451.35153645
271673634.6614145,0.0009088207167413422,6982272.377758447,264691362.2836561
307630623.4013488,0.0,0.0,307630623.4013488
327446597.6963153,0.014010387743938285,103064640.81145725,224381956.88485807
295801734.3514219,0.007083172928121857,56092351.12987861,239709383.22154328
275423189.7588512,3.964730064985376e-05,568080.2550770595,274855109.5037741
