Total Costs,Expected Number of Deaths,Expected Annual Damage,Dike Investment Costs
465784898.93614566,0.0638671132788031,261321645.89115793,204463253.04498774
282896452.2497747,0.0007667578441808525,5252339.535146935,277644112.71462774
337802970.78244615,0.00022129547929719686,3402328.3003893737,334400642.48205674
368946059.9937711,0.0,0.0,368946059.9937711
288384605.88238686,0.01140391962433293,82887475.23378448,205497130.64860237
307772964.9146627,0.05377021523765279,51724009.55648133,256048955.3581814
