Total Costs,Expected Number of Deaths,Expected Annual Damage,Dike Investment Costs
318188551.55136263,0.0,0.0,318188551.55136263
277425847.36427,1.875450273690759e-05,269613.9813613646,277156233.3829086
215864997.99579474,0.004053108775870371,35883056.483774796,179981941.51202
216411709.16771588,0.0006888542631625336,3529731.203366035,212881977.96434984
250540247.76967877,3.750900547381518e-05,539227.9627227292,250001019.80695605
231200681.19998318,0.009581649061782577,61869302.11239789,169331379.0875853
395551950.2183804,0.034488361034101134,254728161.0546633,140823789.16371706
252906254.39104128,0.0292902508061958,89252486.82857437,163653767.56246686
249894883.58988702,0.030496604509567368,92650122.68064582,157244760.9092412
