A.1_DikeIncrease 0,A.1_DikeIncrease 1,A.1_DikeIncrease 2,A.2_DikeIncrease 0,A.2_DikeIncrease 1,A.2_DikeIncrease 2,A.3_DikeIncrease 0,A.3_DikeIncrease 1,A.3_DikeIncrease 2,A.4_DikeIncrease 0,A.4_DikeIncrease 1,A.4_DikeIncrease 2,A.5_DikeIncrease 0,A.5_DikeIncrease 1,A.5_DikeIncrease 2,EWS_DaysToThreat,Total Costs,Expected Number of Deaths,Expected Annual Damage,Dike Investment Costs
2,0,0,7,0,0,6,6,0,3,4,2,4,4,0,2,280659692.2640913,2.344312842113449e-05,269613.9813613646,280390078.2827299
3,0,0,0,0,0,2,0,7,4,5,2,0,1,0,0,251024209.0362544,0.08471279030435379,92650122.68064582,158374086.35560852
2,0,0,3,0,0,4,3,0,2,4,1,5,0,1,1,238871502.08464867,0.002532342194719088,7963393.218671989,230908108.8659767
2,0,0,7,0,0,5,7,0,4,7,2,7,5,0,3,307065481.5697034,0.0,0.0,307065481.5697034
2,0,0,0,3,0,5,0,0,0,6,6,4,1,0,3,243229667.5705611,0.004107781171078413,39333217.81640876,203896449.75415236
2,0,0,2,0,0,6,3,0,3,5,1,5,0,0,1,222665843.43443435,0.005514054662152547,15947704.54475227,206718138.88968205
2,0,0,0,3,0,5,0,0,0,4,0,2,0,4,1,239503523.13956714,0.01666064409151803,52636659.35600887,186866863.78355828
2,0,0,4,0,0,4,1,0,5,5,6,5,0,1,3,248722252.7957114,9.051027856284648e-05,416488.9960558092,248305763.79965562
2,0,0,7,0,0,5,0,0,6,4,0,4,3,0,0,233336404.02798593,0.00129791848832119,1425477.3246595198,231910926.7033264
