Total Costs,Expected Number of Deaths,Expected Annual Damage,Dike Investment Costs
199048010.53691196,0.031188906572569692,96888424.39677271,102159586.1401392
191101782.54589355,0.002297522775896895,15947704.54475227,175154078.00114128
226242659.53752702,0.0,0.0,226242659.53752702
262378359.3503355,0.012706918545653072,92650122.68064582,169728236.6696897
204434504.1208492,0.0013777085263250671,7059462.40673207,197375041.7141171
