A.1_DikeIncrease 0,A.1_DikeIncrease 1,A.1_DikeIncrease 2,A.2_DikeIncrease 0,A.2_DikeIncrease 1,A.2_DikeIncrease 2,A.3_DikeIncrease 0,A.3_DikeIncrease 1,A.3_DikeIncrease 2,A.4_DikeIncrease 0,A.4_DikeIncrease 1,A.4_DikeIncrease 2,A.5_DikeIncrease 0,A.5_DikeIncrease 1,A.5_DikeIncrease 2,EWS_DaysToThreat,Total Costs,Expected Number of Deaths,Expected Annual Damage,Dike Investment Costs
4,0,0,1,0,0,6,1,4,2,5,5,4,0,0,0,276904391.00490034,0.032554090584449004,34623530.87921323,242280860.12568712
0,0,0,3,0,0,1,2,8,2,5,1,2,1,0,2,485442092.97754365,0.02931603345834394,271612641.6260072,213829451.35153645
4,0,0,3,0,0,6,2,7,2,4,1,6,0,0,2,271673634.6614145,0.0009088207167413422,6982272.377758447,264691362.2836561
2,0,0,6,0,0,7,0,6,10,5,7,6,0,1,2,307630623.4013488,0.0,0.0,307630623.4013488
2,0,0,2,0,0,5,3,1,4,3,6,1,0,0,2,327446597.6963153,0.014010387743938285,103064640.81145725,224381956.88485807
1,0,0,1,0,0,9,3,0,1,6,2,2,5,0,2,295801734.3514219,0.007083172928121857,56092351.12987861,239709383.22154328
2,0,1,5,0,0,6,0,1,3,5,0,5,0,1,3,275423189.7588512,3.964730064985376e-05,568080.2550770595,274855109.5037741
