Total Costs,Expected Number of Deaths,Expected Annual Damage,Dike Investment Costs
418655088.50213915,0.03661761344512837,179201077.89204398,239454010.61009517
477065010.00772274,0.020089242787772042,239580758.38145724,237484251.6262655
300142913.4430751,0.0008774369064464523,4039264.3890189715,296103649.05405617
340736413.01314044,0.0,0.0,340736413.01314044
297076848.1792175,0.0031026331749295687,22250369.030951202,274826479.1482663
363898181.8240812,0.02371536215540224,122581594.3953826,241316587.4286986
342265545.0121612,0.010467046694788392,77996900.21088651,264268644.80127466
309902132.80152553,0.005223643670870019,40768944.41534539,269133188.38618016
