A.1_DikeIncrease 0,A.1_DikeIncrease 1,A.1_DikeIncrease 2,A.2_DikeIncrease 0,A.2_DikeIncrease 1,A.2_DikeIncrease 2,A.3_DikeIncrease 0,A.3_DikeIncrease 1,A.3_DikeIncrease 2,A.4_DikeIncrease 0,A.4_DikeIncrease 1,A.4_DikeIncrease 2,A.5_DikeIncrease 0,A.5_DikeIncrease 1,A.5_DikeIncrease 2,EWS_DaysToThreat,Total Costs,Expected Number of Deaths,Expected Annual Damage,Dike Investment Costs
5,0,0,3,3,0,5,2,0,7,2,0,5,2,5,4,350744004.53729147,0.00020446875844822729,1750779.8450489782,348993224.6922425
3,0,1,4,0,0,9,2,4,7,2,5,7,2,3,3,399294887.3919169,0.0,0.0,399294887.3919169
1,0,0,0,0,0,10,0,5,5,6,3,3,0,0,3,287865987.59774536,0.010743853120896358,102114668.8865674,185751318.71117792
2,0,0,2,0,0,4,0,4,0,2,2,5,1,1,3,279206201.0511821,0.00302926675737368,30430277.842556443,248775923.20862564
2,0,0,0,0,2,5,0,5,0,2,6,6,0,3,2,307730886.00938624,0.008931521695986872,66594305.051628925,241136580.95775732
2,0,0,0,0,0,4,3,0,7,2,1,4,4,1,3,310629660.00420743,0.009123135699466342,82887475.23378448,227742184.77042294
2,0,0,3,0,0,7,0,5,1,5,2,6,9,0,3,296323469.61933583,0.0008270553833810381,8580666.658256099,287742802.9610797
5,3,0,3,0,0,6,2,1,7,1,3,4,0,0,0,308869144.7801865,0.005111718961205682,5252339.535146935,303616805.2450395
