A.1_DikeIncrease 0,A.1_DikeIncrease 1,A.1_DikeIncrease 2,A.2_DikeIncrease 0,A.2_DikeIncrease 1,A.2_DikeIncrease 2,A.3_DikeIncrease 0,A.3_DikeIncrease 1,A.3_DikeIncrease 2,A.4_DikeIncrease 0,A.4_DikeIncrease 1,A.4_DikeIncrease 2,A.5_DikeIncrease 0,A.5_DikeIncrease 1,A.5_DikeIncrease 2,EWS_DaysToThreat,Total Costs,Expected Number of Deaths,Expected Annual Damage,Dike Investment Costs
2,0,0,6,2,0,9,3,0,3,6,0,3,2,0,0,323823526.90881896,0.010289631507809623,11560174.33178252,312263352.57703644
5,0,0,6,0,0,6,7,7,6,4,1,5,1,0,0,345834164.2179585,0.0,0.0,345834164.2179585
2,0,3,5,0,0,5,4,1,1,7,1,4,6,0,1,341581777.06540835,0.0006638864378915908,3402328.3003893737,338179448.76501894
4,0,0,5,3,0,5,7,1,2,7,2,7,0,0,0,342464260.36247444,0.0012521227456357559,2251334.98813701,340212925.37433743
3,0,0,2,0,0,10,3,0,6,6,2,3,0,0,0,254661880.4533932,0.021117144043665804,22166715.77486912,232495164.67852405
2,0,0,1,1,0,5,0,0,1,5,3,5,0,0,1,237228471.58628625,0.009398681331858349,28591732.813900653,208636738.77238566
2,0,0,6,2,0,5,0,0,0,7,6,4,0,3,1,295185801.1639715,0.002978137326518528,12424546.630649302,282761254.53332216
4,0,0,7,0,0,4,3,1,1,7,3,3,3,1,0,334327345.4615855,0.00784265790642736,6718104.994485151,327609240.4671004
4,3,0,3,0,1,5,0,0,2,6,2,5,7,0,2,339738372.7017423,0.0006532347686810581,5231492.532709469,334506880.1690328
