Total Costs,Expected Number of Deaths,Expected Annual Damage,Dike Investment Costs
323823526.90881896,0.010289631507809623,11560174.33178252,312263352.57703644
345834164.2179585,0.0,0.0,345834164.2179585
341581777.06540835,0.0006638864378915908,3402328.3003893737,338179448.76501894
342464260.36247444,0.0012521227456357559,2251334.98813701,340212925.37433743
254661880.4533932,0.021117144043665804,22166715.77486912,232495164.67852405
237228471.58628625,0.009398681331858349,28591732.813900653,208636738.77238566
295185801.1639715,0.002978137326518528,12424546.630649302,282761254.53332216
334327345.4615855,0.00784265790642736,6718104.994485151,327609240.4671004
339738372.7017423,0.0006532347686810581,5231492.532709469,334506880.1690328
