Total Costs,Expected Number of Deaths,Expected Annual Damage,Dike Investment Costs
350744004.53729147,0.00020446875844822729,1750779.8450489782,348993224.6922425
399294887.3919169,0.0,0.0,399294887.3919169
287865987.59774536,0.010743853120896358,102114668.8865674,185751318.71117792
279206201.0511821,0.00302926675737368,30430277.842556443,248775923.20862564
307730886.00938624,0.008931521695986872,66594305.051628925,241136580.95775732
310629660.00420743,0.009123135699466342,82887475.23378448,227742184.77042294
296323469.61933583,0.0008270553833810381,8580666.658256099,287742802.9610797
308869144.7801865,0.005111718961205682,5252339.535146935,303616805.2450395
