A.1_DikeIncrease 0,A.1_DikeIncrease 1,A.1_DikeIncrease 2,A.2_DikeIncrease 0,A.2_DikeIncrease 1,A.2_DikeIncrease 2,A.3_DikeIncrease 0,A.3_DikeIncrease 1,A.3_DikeIncrease 2,A.4_DikeIncrease 0,A.4_DikeIncrease 1,A.4_DikeIncrease 2,A.5_DikeIncrease 0,A.5_DikeIncrease 1,A.5_DikeIncrease 2,EWS_DaysToThreat,Total Costs,Expected Number of Deaths,Expected Annual Damage,Dike Investment Costs
3,0,0,7,0,0,5,0,3,2,5,0,7,1,0,1,269734280.6239309,0.0003379314915277308,1664314.169672982,268069966.4542579
2,0,0,0,4,0,5,0,3,4,5,4,5,0,1,0,272411503.97068536,0.020885364541706697,22605673.954616256,249805830.01606905
3,0,0,0,2,0,4,2,1,0,3,0,4,3,0,3,274337846.7711822,0.003896206067039451,36086448.23140369,238251398.5397785
2,0,0,6,2,0,9,0,4,5,5,7,6,0,0,3,316411094.06044877,0.0,0.0,316411094.06044877
2,0,0,0,1,0,7,0,0,2,1,5,2,1,3,0,267651600.22655183,0.04076780368784554,43668568.920030944,223983031.3065209
2,0,0,0,0,0,5,0,4,4,6,2,7,1,0,3,275326071.02081645,0.0075187312350144106,67817021.86384878,207509049.1569677
2,0,3,6,0,0,5,0,0,3,5,7,5,0,5,0,297096250.9808252,0.00020268185250254807,347593.5688618719,296748657.41196334
2,0,0,1,0,0,5,0,0,0,2,7,6,2,2,1,274644911.494352,0.01182175320021532,37666227.56180291,236978683.93254912
