A.1_DikeIncrease 0,A.1_DikeIncrease 1,A.1_DikeIncrease 2,A.2_DikeIncrease 0,A.2_DikeIncrease 1,A.2_DikeIncrease 2,A.3_DikeIncrease 0,A.3_DikeIncrease 1,A.3_DikeIncrease 2,A.4_DikeIncrease 0,A.4_DikeIncrease 1,A.4_DikeIncrease 2,A.5_DikeIncrease 0,A.5_DikeIncrease 1,A.5_DikeIncrease 2,EWS_DaysToThreat,Total Costs,Expected Number of Deaths,Expected Annual Damage,Dike Investment Costs
2,3,0,4,0,0,4,1,4,6,3,1,5,0,0,4,288174336.4419575,0.0007198234694740862,3315776.694095777,284858559.74786174
5,0,0,0,0,0,0,3,2,5,4,1,9,0,7,1,377752470.836468,0.057325544459477046,131060483.77758765,246691987.0588804
2,0,1,4,1,0,6,6,5,5,0,4,5,1,0,1,371070303.8814204,0.0,0.0,371070303.8814204
3,0,1,0,0,0,4,2,5,6,3,3,7,1,0,1,358568135.6529144,0.027369407098399023,82887475.23378448,275680660.41912997
1,0,1,5,0,0,3,0,3,0,4,4,7,3,0,3,316336248.96971893,0.004933434301775613,36078582.67576572,280257666.2939532
5,0,0,3,3,0,6,0,5,4,3,5,4,7,0,2,340408519.51252866,0.00025558594806028415,1750779.8450489782,338657739.66747963
2,0,1,4,0,0,7,4,5,2,2,1,4,2,0,0,324460825.6123386,0.0012521227456357559,2251334.98813701,322209490.6242016
