Total Costs,Expected Number of Deaths,Expected Annual Damage,Dike Investment Costs
288174336.4419575,0.0007198234694740862,3315776.694095777,284858559.74786174
377752470.836468,0.057325544459477046,131060483.77758765,246691987.0588804
371070303.8814204,0.0,0.0,371070303.8814204
358568135.6529144,0.027369407098399023,82887475.23378448,275680660.41912997
316336248.96971893,0.004933434301775613,36078582.67576572,280257666.2939532
340408519.51252866,0.00025558594806028415,1750779.8450489782,338657739.66747963
324460825.6123386,0.0012521227456357559,2251334.98813701,322209490.6242016
