A.1_DikeIncrease 0,A.1_DikeIncrease 1,A.1_DikeIncrease 2,A.2_DikeIncrease 0,A.2_DikeIncrease 1,A.2_DikeIncrease 2,A.3_DikeIncrease 0,A.3_DikeIncrease 1,A.3_DikeIncrease 2,A.4_DikeIncrease 0,A.4_DikeIncrease 1,A.4_DikeIncrease 2,A.5_DikeIncrease 0,A.5_DikeIncrease 1,A.5_DikeIncrease 2,EWS_DaysToThreat,Total Costs,Expected Number of Deaths,Expected Annual Damage,Dike Investment Costs
2,5,0,3,4,4,6,4,0,4,0,7,3,4,9,2,502235020.42775995,0.0012074272824263647,8713990.315866992,493521030.1118929
0,7,0,1,1,4,4,7,6,2,1,0,6,2,8,4,542377537.928839,0.006648542726081645,76873698.70855418,465503839.2202848
2,1,7,0,4,2,0,5,9,2,3,7,8,6,0,4,552805816.200731,0.01703202004861846,91643617.75722773,461162198.4435033
2,5,8,7,2,0,7,0,2,5,8,2,6,0,1,0,493641067.8412327,0.0,0.0,493641067.8412327
5,5,9,0,3,0,0,7,0,7,0,10,0,3,2,4,531115645.0805315,0.019146649743183773,111013362.51470816,420102282.5658233
