Total Costs,Expected Number of Deaths,Expected Annual Damage,Dike Investment Costs
424257863.3025654,0.0001529996241733816,2244274.801198616,422013588.5013668
612635519.5849218,0.0,0.0,612635519.5849218
