Total Costs,Expected Number of Deaths,Expected Annual Damage,Dike Investment Costs
519451016.02925897,0.015306423251885398,16553613.036922056,502897402.992337
435804843.1108992,0.025683432965732923,78703477.61132196,357101365.4995772
508056296.32443595,0.005385578210489647,65535792.174058266,442520504.15037775
525718801.82820535,0.0031363129463235183,30702857.468449138,495015944.35975623
524191481.7127174,0.0,0.0,524191481.7127174
