A.1_DikeIncrease 0,A.1_DikeIncrease 1,A.1_DikeIncrease 2,A.2_DikeIncrease 0,A.2_DikeIncrease 1,A.2_DikeIncrease 2,A.3_DikeIncrease 0,A.3_DikeIncrease 1,A.3_DikeIncrease 2,A.4_DikeIncrease 0,A.4_DikeIncrease 1,A.4_DikeIncrease 2,A.5_DikeIncrease 0,A.5_DikeIncrease 1,A.5_DikeIncrease 2,EWS_DaysToThreat,Total Costs,Expected Number of Deaths,Expected Annual Damage,Dike Investment Costs
3,2,4,5,1,0,5,4,7,8,3,10,6,3,7,0,544959198.707936,0.0,0.0,544959198.707936
5,1,0,0,1,2,1,9,5,7,3,0,7,1,4,0,464595950.11716247,0.04712288019768346,42329442.857675746,422266507.2594868
10,0,6,6,5,0,8,0,0,3,9,5,3,10,3,2,552345608.6059568,0.0012658966688815657,9502246.468222681,542843362.137734
5,0,0,4,0,9,2,6,2,1,6,5,9,4,6,1,507705328.107483,0.01060464371471212,18732285.43389869,488973042.67358434
1,7,4,6,0,5,4,6,1,3,6,9,6,0,3,4,531521223.33792925,0.0010095403230804562,11975563.135530172,519545660.20239913
1,0,8,0,3,5,1,0,2,7,3,5,4,0,9,4,504440169.9400805,0.016338621879988892,101483684.16231787,402956485.77776265
