Total Costs,Expected Number of Deaths,Expected Annual Damage,Dike Investment Costs
544959198.707936,0.0,0.0,544959198.707936
464595950.11716247,0.04712288019768346,42329442.857675746,422266507.2594868
552345608.6059568,0.0012658966688815657,9502246.468222681,542843362.137734
507705328.107483,0.01060464371471212,18732285.43389869,488973042.67358434
531521223.33792925,0.0010095403230804562,11975563.135530172,519545660.20239913
504440169.9400805,0.016338621879988892,101483684.16231787,402956485.77776265
