A.1_DikeIncrease 0,A.1_DikeIncrease 1,A.1_DikeIncrease 2,A.2_DikeIncrease 0,A.2_DikeIncrease 1,A.2_DikeIncrease 2,A.3_DikeIncrease 0,A.3_DikeIncrease 1,A.3_DikeIncrease 2,A.4_DikeIncrease 0,A.4_DikeIncrease 1,A.4_DikeIncrease 2,A.5_DikeIncrease 0,A.5_DikeIncrease 1,A.5_DikeIncrease 2,EWS_DaysToThreat,Total Costs,Expected Number of Deaths,Expected Annual Damage,Dike Investment Costs
3,5,0,1,2,7,10,0,6,4,3,5,7,8,5,3,566448302.3669778,0.0014919136433592536,13101671.381476156,553346630.9855016
1,1,0,0,9,4,7,7,7,10,0,6,3,2,7,0,544224041.8992021,0.027069948615541628,32102067.320333056,512121974.57886904
1,5,10,3,2,3,5,6,0,1,6,0,2,2,4,1,564841166.8971698,0.00766336993794705,27651622.224063255,537189544.6731067
9,3,0,1,0,8,9,0,4,2,10,4,2,0,0,4,454559851.7426611,0.004678431397798095,42213936.351110086,412345915.3915511
5,2,8,7,0,4,7,8,3,5,7,9,5,0,10,3,617435181.0508156,0.0,0.0,617435181.0508156
3,5,3,3,10,0,6,2,4,1,3,7,3,5,8,1,580100549.7856776,0.001561456537391402,6087420.131539855,574013129.6541376
