A.1_DikeIncrease 0,A.1_DikeIncrease 1,A.1_DikeIncrease 2,A.2_DikeIncrease 0,A.2_DikeIncrease 1,A.2_DikeIncrease 2,A.3_DikeIncrease 0,A.3_DikeIncrease 1,A.3_DikeIncrease 2,A.4_DikeIncrease 0,A.4_DikeIncrease 1,A.4_DikeIncrease 2,A.5_DikeIncrease 0,A.5_DikeIncrease 1,A.5_DikeIncrease 2,EWS_DaysToThreat,Total Costs,Expected Number of Deaths,Expected Annual Damage,Dike Investment Costs
7,0,3,2,8,0,5,4,2,9,4,7,2,4,5,0,519451016.02925897,0.015306423251885398,16553613.036922056,502897402.992337
3,3,4,0,3,0,4,4,6,8,5,0,0,0,4,1,435804843.1108992,0.025683432965732923,78703477.61132196,357101365.4995772
0,4,2,2,8,0,4,3,2,5,9,4,8,0,4,3,508056296.32443595,0.005385578210489647,65535792.174058266,442520504.15037775
1,3,0,1,1,2,4,5,4,5,5,8,8,5,5,4,525718801.82820535,0.0031363129463235183,30702857.468449138,495015944.35975623
2,0,0,6,0,5,7,8,7,5,1,8,6,9,6,4,524191481.7127174,0.0,0.0,524191481.7127174
