Total Costs,Expected Number of Deaths,Expected Annual Damage,Dike Investment Costs
566448302.3669778,0.0014919136433592536,13101671.381476156,553346630.9855016
544224041.8992021,0.027069948615541628,32102067.320333056,512121974.57886904
564841166.8971698,0.00766336993794705,27651622.224063255,537189544.6731067
454559851.7426611,0.004678431397798095,42213936.351110086,412345915.3915511
617435181.0508156,0.0,0.0,617435181.0508156
580100549.7856776,0.001561456537391402,6087420.131539855,574013129.6541376
