A.1_DikeIncrease 0,A.1_DikeIncrease 1,A.1_DikeIncrease 2,A.2_DikeIncrease 0,A.2_DikeIncrease 1,A.2_DikeIncrease 2,A.3_DikeIncrease 0,A.3_DikeIncrease 1,A.3_DikeIncrease 2,A.4_DikeIncrease 0,A.4_DikeIncrease 1,A.4_DikeIncrease 2,A.5_DikeIncrease 0,A.5_DikeIncrease 1,A.5_DikeIncrease 2,EWS_DaysToThreat,Total Costs,Expected Number of Deaths,Expected Annual Damage,Dike Investment Costs
5,0,0,2,2,0,0,0,0,0,6,5,1,0,7,3,418655088.50213915,0.03661761344512837,179201077.89204398,239454010.61009517
0,0,0,0,4,0,7,4,1,0,6,1,2,5,0,3,477065010.00772274,0.020089242787772042,239580758.38145724,237484251.6262655
4,0,1,4,0,0,4,0,2,4,4,7,5,0,1,3,300142913.4430751,0.0008774369064464523,4039264.3890189715,296103649.05405617
5,0,2,5,0,0,7,0,2,4,6,0,5,1,1,2,340736413.01314044,0.0,0.0,340736413.01314044
6,1,0,3,0,0,4,3,0,5,4,7,3,0,0,2,297076848.1792175,0.0031026331749295687,22250369.030951202,274826479.1482663
4,3,0,0,0,3,0,9,0,2,6,1,2,0,0,2,363898181.8240812,0.02371536215540224,122581594.3953826,241316587.4286986
1,3,0,0,0,0,7,1,5,3,4,5,2,0,2,2,342265545.0121612,0.010467046694788392,77996900.21088651,264268644.80127466
5,1,0,0,2,0,2,1,3,1,4,3,5,0,0,3,309902132.80152553,0.005223643670870019,40768944.41534539,269133188.38618016
