Total Costs,Expected Number of Deaths,Expected Annual Damage,Dike Investment Costs
358225136.34372634,0.03082133021917221,180304860.570814,177920275.7729123
269059018.1053571,0.0,0.0,269059018.1053571
251602115.26874727,0.05254164491881784,63868226.89451884,187733888.37422845
285961746.2098018,0.004434972325164966,35577404.22077183,250384341.98902994
285002801.371191,0.006269486992213608,57378265.39254634,227624535.97864473
